<?xml version="1.0" encoding="UTF-8"?>
<export version="D">
  <design>
    <source>C:\Users\steph\OneDrive\KiCad\UltrasonicModul\UltrasonicModule.sch</source>
    <date>08/02/2021 08:04:18</date>
    <tool>Eeschema (5.1.8)-1</tool>
    <sheet number="1" name="/" tstamps="/">
      <title_block>
        <title/>
        <company/>
        <rev/>
        <date/>
        <source>UltrasonicModule.sch</source>
        <comment number="1" value=""/>
        <comment number="2" value=""/>
        <comment number="3" value=""/>
        <comment number="4" value=""/>
      </title_block>
    </sheet>
  </design>
  <components>
    <comp ref="U0">
      <value>HC-SR04</value>
      <footprint>XCVR_HC-SR04</footprint>
      <fields>
        <field name="MANUFACTURER">Osepp</field>
      </fields>
      <libsource lib="HC-SR04" part="HC-SR04" description=""/>
      <sheetpath names="/" tstamps="/"/>
      <tstamp>60173247</tstamp>
    </comp>
    <comp ref="U1">
      <value>HC-SR04</value>
      <footprint>XCVR_HC-SR04</footprint>
      <fields>
        <field name="MANUFACTURER">Osepp</field>
      </fields>
      <libsource lib="HC-SR04" part="HC-SR04" description=""/>
      <sheetpath names="/" tstamps="/"/>
      <tstamp>60173729</tstamp>
    </comp>
    <comp ref="U2">
      <value>HC-SR04</value>
      <footprint>XCVR_HC-SR04</footprint>
      <fields>
        <field name="MANUFACTURER">Osepp</field>
      </fields>
      <libsource lib="HC-SR04" part="HC-SR04" description=""/>
      <sheetpath names="/" tstamps="/"/>
      <tstamp>60173BB6</tstamp>
    </comp>
    <comp ref="U3">
      <value>HC-SR04</value>
      <footprint>XCVR_HC-SR04</footprint>
      <fields>
        <field name="MANUFACTURER">Osepp</field>
      </fields>
      <libsource lib="HC-SR04" part="HC-SR04" description=""/>
      <sheetpath names="/" tstamps="/"/>
      <tstamp>60173EAE</tstamp>
    </comp>
    <comp ref="U4">
      <value>HC-SR04</value>
      <footprint>XCVR_HC-SR04</footprint>
      <fields>
        <field name="MANUFACTURER">Osepp</field>
      </fields>
      <libsource lib="HC-SR04" part="HC-SR04" description=""/>
      <sheetpath names="/" tstamps="/"/>
      <tstamp>601741F7</tstamp>
    </comp>
    <comp ref="U6">
      <value>ATmega328-PU</value>
      <footprint>Package_DIP:DIP-28_W7.62mm</footprint>
      <datasheet>http://ww1.microchip.com/downloads/en/DeviceDoc/ATmega328_P%20AVR%20MCU%20with%20picoPower%20Technology%20Data%20Sheet%2040001984A.pdf</datasheet>
      <libsource lib="MCU_Microchip_ATmega" part="ATmega328-PU" description="20MHz, 32kB Flash, 2kB SRAM, 1kB EEPROM, DIP-28"/>
      <sheetpath names="/" tstamps="/"/>
      <tstamp>60175EC7</tstamp>
    </comp>
    <comp ref="C9">
      <value>100n</value>
      <footprint>Capacitor_THT:C_Disc_D5.0mm_W2.5mm_P5.00mm</footprint>
      <datasheet>~</datasheet>
      <libsource lib="Device" part="C" description="Unpolarized capacitor"/>
      <sheetpath names="/" tstamps="/"/>
      <tstamp>601794AD</tstamp>
    </comp>
    <comp ref="C8">
      <value>100n</value>
      <footprint>Capacitor_THT:C_Disc_D5.0mm_W2.5mm_P5.00mm</footprint>
      <datasheet>~</datasheet>
      <libsource lib="Device" part="C" description="Unpolarized capacitor"/>
      <sheetpath names="/" tstamps="/"/>
      <tstamp>6017C0C0</tstamp>
    </comp>
    <comp ref="C7">
      <value>100n</value>
      <footprint>Capacitor_THT:C_Disc_D5.0mm_W2.5mm_P5.00mm</footprint>
      <datasheet>~</datasheet>
      <libsource lib="Device" part="C" description="Unpolarized capacitor"/>
      <sheetpath names="/" tstamps="/"/>
      <tstamp>6017C61B</tstamp>
    </comp>
    <comp ref="C4">
      <value>100n</value>
      <footprint>Capacitor_THT:C_Disc_D5.0mm_W2.5mm_P5.00mm</footprint>
      <datasheet>~</datasheet>
      <libsource lib="Device" part="C" description="Unpolarized capacitor"/>
      <sheetpath names="/" tstamps="/"/>
      <tstamp>6017CBBA</tstamp>
    </comp>
    <comp ref="C1">
      <value>100n</value>
      <footprint>Capacitor_THT:C_Disc_D5.0mm_W2.5mm_P5.00mm</footprint>
      <datasheet>~</datasheet>
      <libsource lib="Device" part="C" description="Unpolarized capacitor"/>
      <sheetpath names="/" tstamps="/"/>
      <tstamp>6017D1C7</tstamp>
    </comp>
    <comp ref="D1">
      <value>LED</value>
      <footprint>LED_THT:LED_D3.0mm</footprint>
      <datasheet>~</datasheet>
      <libsource lib="Device" part="LED" description="Light emitting diode"/>
      <sheetpath names="/" tstamps="/"/>
      <tstamp>60188B58</tstamp>
    </comp>
    <comp ref="R1">
      <value>330</value>
      <footprint>Resistor_THT:R_Axial_DIN0207_L6.3mm_D2.5mm_P7.62mm_Horizontal</footprint>
      <datasheet>~</datasheet>
      <libsource lib="Device" part="R" description="Resistor"/>
      <sheetpath names="/" tstamps="/"/>
      <tstamp>6018C5AF</tstamp>
    </comp>
    <comp ref="C6">
      <value>100n</value>
      <footprint>Capacitor_THT:C_Disc_D5.0mm_W2.5mm_P5.00mm</footprint>
      <datasheet>~</datasheet>
      <libsource lib="Device" part="C" description="Unpolarized capacitor"/>
      <sheetpath names="/" tstamps="/"/>
      <tstamp>6018E4E8</tstamp>
    </comp>
    <comp ref="U5">
      <value>LP2950-3.3_TO92</value>
      <footprint>Package_TO_SOT_THT:TO-92_HandSolder</footprint>
      <datasheet>http://www.ti.com/lit/ds/symlink/lp2950-n.pdf</datasheet>
      <libsource lib="Regulator_Linear" part="LP2950-3.3_TO92" description="Positive 100mA 30V Linear Micropower Voltage Regulator, Fixed Output 3.3V, TO-92"/>
      <sheetpath names="/" tstamps="/"/>
      <tstamp>601A3D16</tstamp>
    </comp>
    <comp ref="C5">
      <value>470u</value>
      <footprint>Capacitor_THT:CP_Radial_D10.0mm_P5.00mm</footprint>
      <datasheet>~</datasheet>
      <libsource lib="Device" part="CP" description="Polarized capacitor"/>
      <sheetpath names="/" tstamps="/"/>
      <tstamp>601A5FB8</tstamp>
    </comp>
    <comp ref="C3">
      <value>100n</value>
      <footprint>Capacitor_THT:C_Disc_D5.0mm_W2.5mm_P5.00mm</footprint>
      <datasheet>~</datasheet>
      <libsource lib="Device" part="C" description="Unpolarized capacitor"/>
      <sheetpath names="/" tstamps="/"/>
      <tstamp>601AB7B2</tstamp>
    </comp>
    <comp ref="C2">
      <value>470u</value>
      <footprint>Capacitor_THT:CP_Radial_D10.0mm_P5.00mm</footprint>
      <datasheet>~</datasheet>
      <libsource lib="Device" part="CP" description="Polarized capacitor"/>
      <sheetpath names="/" tstamps="/"/>
      <tstamp>601AC141</tstamp>
    </comp>
    <comp ref="R2">
      <value>2k2</value>
      <footprint>Resistor_THT:R_Axial_DIN0207_L6.3mm_D2.5mm_P7.62mm_Horizontal</footprint>
      <datasheet>~</datasheet>
      <libsource lib="Device" part="R" description="Resistor"/>
      <sheetpath names="/" tstamps="/"/>
      <tstamp>601D5734</tstamp>
    </comp>
    <comp ref="R3">
      <value>2k2</value>
      <footprint>Resistor_THT:R_Axial_DIN0207_L6.3mm_D2.5mm_P7.62mm_Horizontal</footprint>
      <datasheet>~</datasheet>
      <libsource lib="Device" part="R" description="Resistor"/>
      <sheetpath names="/" tstamps="/"/>
      <tstamp>601D69EA</tstamp>
    </comp>
    <comp ref="J1">
      <value>Conn_01x06_Male</value>
      <footprint>Connector_PinHeader_2.54mm:PinHeader_1x06_P2.54mm_Horizontal</footprint>
      <datasheet>~</datasheet>
      <libsource lib="Connector" part="Conn_01x06_Male" description="Generic connector, single row, 01x06, script generated (kicad-library-utils/schlib/autogen/connector/)"/>
      <sheetpath names="/" tstamps="/"/>
      <tstamp>6015E301</tstamp>
    </comp>
    <comp ref="JP1">
      <value>I2C_Address</value>
      <footprint>Jumper:SolderJumper-2_P1.3mm_Open_RoundedPad1.0x1.5mm</footprint>
      <datasheet>~</datasheet>
      <libsource lib="Jumper" part="SolderJumper_2_Open" description="Solder Jumper, 2-pole, open"/>
      <sheetpath names="/" tstamps="/"/>
      <tstamp>601F09C1</tstamp>
    </comp>
  </components>
  <libparts>
    <libpart lib="Connector" part="Conn_01x06_Male">
      <description>Generic connector, single row, 01x06, script generated (kicad-library-utils/schlib/autogen/connector/)</description>
      <docs>~</docs>
      <footprints>
        <fp>Connector*:*_1x??_*</fp>
      </footprints>
      <fields>
        <field name="Reference">J</field>
        <field name="Value">Conn_01x06_Male</field>
      </fields>
      <pins>
        <pin num="1" name="Pin_1" type="passive"/>
        <pin num="2" name="Pin_2" type="passive"/>
        <pin num="3" name="Pin_3" type="passive"/>
        <pin num="4" name="Pin_4" type="passive"/>
        <pin num="5" name="Pin_5" type="passive"/>
        <pin num="6" name="Pin_6" type="passive"/>
      </pins>
    </libpart>
    <libpart lib="Device" part="C">
      <description>Unpolarized capacitor</description>
      <docs>~</docs>
      <footprints>
        <fp>C_*</fp>
      </footprints>
      <fields>
        <field name="Reference">C</field>
        <field name="Value">C</field>
      </fields>
      <pins>
        <pin num="1" name="~" type="passive"/>
        <pin num="2" name="~" type="passive"/>
      </pins>
    </libpart>
    <libpart lib="Device" part="CP">
      <description>Polarized capacitor</description>
      <docs>~</docs>
      <footprints>
        <fp>CP_*</fp>
      </footprints>
      <fields>
        <field name="Reference">C</field>
        <field name="Value">CP</field>
      </fields>
      <pins>
        <pin num="1" name="~" type="passive"/>
        <pin num="2" name="~" type="passive"/>
      </pins>
    </libpart>
    <libpart lib="Device" part="LED">
      <description>Light emitting diode</description>
      <docs>~</docs>
      <footprints>
        <fp>LED*</fp>
        <fp>LED_SMD:*</fp>
        <fp>LED_THT:*</fp>
      </footprints>
      <fields>
        <field name="Reference">D</field>
        <field name="Value">LED</field>
      </fields>
      <pins>
        <pin num="1" name="K" type="passive"/>
        <pin num="2" name="A" type="passive"/>
      </pins>
    </libpart>
    <libpart lib="Device" part="R">
      <description>Resistor</description>
      <docs>~</docs>
      <footprints>
        <fp>R_*</fp>
      </footprints>
      <fields>
        <field name="Reference">R</field>
        <field name="Value">R</field>
      </fields>
      <pins>
        <pin num="1" name="~" type="passive"/>
        <pin num="2" name="~" type="passive"/>
      </pins>
    </libpart>
    <libpart lib="HC-SR04" part="HC-SR04">
      <fields>
        <field name="Reference">U</field>
        <field name="Value">HC-SR04</field>
        <field name="Footprint">XCVR_HC-SR04</field>
        <field name="MANUFACTURER">Osepp</field>
      </fields>
      <pins>
        <pin num="1" name="VCC" type="power_in"/>
        <pin num="2" name="TRIG" type="BiDi"/>
        <pin num="3" name="ECHO" type="BiDi"/>
        <pin num="4" name="GND" type="power_in"/>
      </pins>
    </libpart>
    <libpart lib="Jumper" part="SolderJumper_2_Open">
      <description>Solder Jumper, 2-pole, open</description>
      <docs>~</docs>
      <footprints>
        <fp>SolderJumper*Open*</fp>
      </footprints>
      <fields>
        <field name="Reference">JP</field>
        <field name="Value">SolderJumper_2_Open</field>
      </fields>
      <pins>
        <pin num="1" name="A" type="passive"/>
        <pin num="2" name="B" type="passive"/>
      </pins>
    </libpart>
    <libpart lib="MCU_Microchip_ATmega" part="ATmega48PV-10PU">
      <aliases>
        <alias>ATmega48P-20PU</alias>
        <alias>ATmega48A-PU</alias>
        <alias>ATmega48PA-PU</alias>
        <alias>ATmega88PV-10PU</alias>
        <alias>ATmega88P-20PU</alias>
        <alias>ATmega88A-PU</alias>
        <alias>ATmega88PA-PU</alias>
        <alias>ATmega168PV-10PU</alias>
        <alias>ATmega168P-20PU</alias>
        <alias>ATmega168A-PU</alias>
        <alias>ATmega168PA-PU</alias>
        <alias>ATmega328-PU</alias>
        <alias>ATmega328P-PU</alias>
      </aliases>
      <description>10MHz, 4kB Flash, 512B SRAM, 256B EEPROM, DIP-28</description>
      <docs>http://ww1.microchip.com/downloads/en/DeviceDoc/Atmel-8025-8-bit-AVR-Microcontroller-ATmega48P-88P-168P_Datasheet.pdf</docs>
      <footprints>
        <fp>DIP*W7.62mm*</fp>
      </footprints>
      <fields>
        <field name="Reference">U</field>
        <field name="Value">ATmega48PV-10PU</field>
        <field name="Footprint">Package_DIP:DIP-28_W7.62mm</field>
      </fields>
      <pins>
        <pin num="1" name="~RESET~/PC6" type="BiDi"/>
        <pin num="2" name="PD0" type="BiDi"/>
        <pin num="3" name="PD1" type="BiDi"/>
        <pin num="4" name="PD2" type="BiDi"/>
        <pin num="5" name="PD3" type="BiDi"/>
        <pin num="6" name="PD4" type="BiDi"/>
        <pin num="7" name="VCC" type="power_in"/>
        <pin num="8" name="GND" type="power_in"/>
        <pin num="9" name="XTAL1/PB6" type="BiDi"/>
        <pin num="10" name="XTAL2/PB7" type="BiDi"/>
        <pin num="11" name="PD5" type="BiDi"/>
        <pin num="12" name="PD6" type="BiDi"/>
        <pin num="13" name="PD7" type="BiDi"/>
        <pin num="14" name="PB0" type="BiDi"/>
        <pin num="15" name="PB1" type="BiDi"/>
        <pin num="16" name="PB2" type="BiDi"/>
        <pin num="17" name="PB3" type="BiDi"/>
        <pin num="18" name="PB4" type="BiDi"/>
        <pin num="19" name="PB5" type="BiDi"/>
        <pin num="20" name="AVCC" type="power_in"/>
        <pin num="21" name="AREF" type="passive"/>
        <pin num="22" name="GND" type="passive"/>
        <pin num="23" name="PC0" type="BiDi"/>
        <pin num="24" name="PC1" type="BiDi"/>
        <pin num="25" name="PC2" type="BiDi"/>
        <pin num="26" name="PC3" type="BiDi"/>
        <pin num="27" name="PC4" type="BiDi"/>
        <pin num="28" name="PC5" type="BiDi"/>
      </pins>
    </libpart>
    <libpart lib="Regulator_Linear" part="MC78L05_TO92">
      <aliases>
        <alias>LM78L05_TO92</alias>
        <alias>MC78L06_TO92</alias>
        <alias>MC78L08_TO92</alias>
        <alias>MC78L12_TO92</alias>
        <alias>LM78L12_TO92</alias>
        <alias>MC78L15_TO92</alias>
        <alias>MC78L18_TO92</alias>
        <alias>MC78L24_TO92</alias>
        <alias>LM2931AZ-5.0_TO92</alias>
        <alias>LM2936-3.0_TO92</alias>
        <alias>LM2936-3.3_TO92</alias>
        <alias>LM2936-5.0_TO92</alias>
        <alias>LP2950-3.0_TO92</alias>
        <alias>LP2950-3.3_TO92</alias>
        <alias>LP2950-5.0_TO92</alias>
        <alias>L78L33_TO92</alias>
        <alias>L78L05_TO92</alias>
        <alias>L78L06_TO92</alias>
        <alias>L78L08_TO92</alias>
        <alias>L78L09_TO92</alias>
        <alias>L78L10_TO92</alias>
        <alias>L78L12_TO92</alias>
        <alias>L78L15_TO92</alias>
        <alias>L78L18_TO92</alias>
        <alias>L78L24_TO92</alias>
      </aliases>
      <description>Positive 100mA 30V Linear Regulator, Fixed Output 5V, TO-92</description>
      <docs>https://www.onsemi.com/pub/Collateral/MC78L00A-D.PDF</docs>
      <footprints>
        <fp>TO?92*</fp>
      </footprints>
      <fields>
        <field name="Reference">U</field>
        <field name="Value">MC78L05_TO92</field>
        <field name="Footprint">Package_TO_SOT_THT:TO-92_Inline</field>
      </fields>
      <pins>
        <pin num="1" name="VO" type="power_out"/>
        <pin num="2" name="GND" type="power_in"/>
        <pin num="3" name="VI" type="power_in"/>
      </pins>
    </libpart>
  </libparts>
  <libraries>
    <library logical="Connector">
      <uri>C:\Program Files\KiCad\share\kicad\library/Connector.lib</uri>
    </library>
    <library logical="Device">
      <uri>C:\Program Files\KiCad\share\kicad\library/Device.lib</uri>
    </library>
    <library logical="HC-SR04">
      <uri>C:/Users/steph/OneDrive/KiCad/HC-SR04.lib</uri>
    </library>
    <library logical="Jumper">
      <uri>C:\Program Files\KiCad\share\kicad\library/Jumper.lib</uri>
    </library>
    <library logical="MCU_Microchip_ATmega">
      <uri>C:\Program Files\KiCad\share\kicad\library/MCU_Microchip_ATmega.lib</uri>
    </library>
    <library logical="Regulator_Linear">
      <uri>C:\Program Files\KiCad\share\kicad\library/Regulator_Linear.lib</uri>
    </library>
  </libraries>
  <nets>
    <net code="1" name="Net-(J1-Pad3)">
      <node ref="U6" pin="28"/>
      <node ref="J1" pin="3"/>
      <node ref="R3" pin="1"/>
    </net>
    <net code="2" name="VCC">
      <node ref="C9" pin="2"/>
      <node ref="J1" pin="1"/>
      <node ref="J1" pin="2"/>
      <node ref="C8" pin="2"/>
      <node ref="U0" pin="1"/>
      <node ref="C7" pin="2"/>
      <node ref="C4" pin="2"/>
      <node ref="C1" pin="2"/>
      <node ref="U1" pin="1"/>
      <node ref="U3" pin="1"/>
      <node ref="U4" pin="1"/>
      <node ref="U2" pin="1"/>
      <node ref="C2" pin="1"/>
      <node ref="C3" pin="2"/>
      <node ref="U5" pin="3"/>
    </net>
    <net code="3" name="PB1">
      <node ref="D1" pin="2"/>
      <node ref="U6" pin="15"/>
    </net>
    <net code="4" name="Net-(D1-Pad1)">
      <node ref="R1" pin="2"/>
      <node ref="D1" pin="1"/>
    </net>
    <net code="5" name="Net-(U6-Pad14)">
      <node ref="U6" pin="14"/>
    </net>
    <net code="6" name="Net-(U6-Pad17)">
      <node ref="U6" pin="17"/>
    </net>
    <net code="7" name="Net-(U6-Pad18)">
      <node ref="U6" pin="18"/>
    </net>
    <net code="8" name="Net-(U6-Pad19)">
      <node ref="U6" pin="19"/>
    </net>
    <net code="9" name="Net-(U6-Pad9)">
      <node ref="U6" pin="9"/>
    </net>
    <net code="10" name="Net-(U6-Pad10)">
      <node ref="U6" pin="10"/>
    </net>
    <net code="11" name="Net-(U6-Pad1)">
      <node ref="U6" pin="1"/>
    </net>
    <net code="12" name="Net-(U6-Pad2)">
      <node ref="U6" pin="2"/>
    </net>
    <net code="13" name="Net-(U6-Pad3)">
      <node ref="U6" pin="3"/>
    </net>
    <net code="14" name="GND">
      <node ref="J1" pin="5"/>
      <node ref="U1" pin="4"/>
      <node ref="U0" pin="4"/>
      <node ref="U4" pin="4"/>
      <node ref="U3" pin="4"/>
      <node ref="JP1" pin="1"/>
      <node ref="C6" pin="1"/>
      <node ref="J1" pin="6"/>
      <node ref="R1" pin="1"/>
      <node ref="C9" pin="1"/>
      <node ref="C2" pin="2"/>
      <node ref="C3" pin="1"/>
      <node ref="C8" pin="1"/>
      <node ref="C7" pin="1"/>
      <node ref="C4" pin="1"/>
      <node ref="C1" pin="1"/>
      <node ref="C5" pin="2"/>
      <node ref="U5" pin="2"/>
      <node ref="U2" pin="4"/>
      <node ref="U6" pin="8"/>
      <node ref="U6" pin="22"/>
    </net>
    <net code="15" name="Net-(JP1-Pad2)">
      <node ref="JP1" pin="2"/>
      <node ref="U6" pin="16"/>
    </net>
    <net code="16" name="Net-(J1-Pad4)">
      <node ref="R2" pin="1"/>
      <node ref="J1" pin="4"/>
      <node ref="U6" pin="27"/>
    </net>
    <net code="17" name="Net-(C5-Pad1)">
      <node ref="C5" pin="1"/>
      <node ref="R2" pin="2"/>
      <node ref="R3" pin="2"/>
      <node ref="U6" pin="21"/>
      <node ref="U5" pin="1"/>
      <node ref="U6" pin="7"/>
      <node ref="U6" pin="20"/>
      <node ref="C6" pin="2"/>
    </net>
    <net code="18" name="PD2">
      <node ref="U6" pin="4"/>
      <node ref="U0" pin="3"/>
    </net>
    <net code="19" name="PC2">
      <node ref="U3" pin="3"/>
      <node ref="U6" pin="25"/>
    </net>
    <net code="20" name="PC3">
      <node ref="U3" pin="2"/>
      <node ref="U6" pin="26"/>
    </net>
    <net code="21" name="PD4">
      <node ref="U6" pin="6"/>
      <node ref="U2" pin="3"/>
    </net>
    <net code="22" name="PD5">
      <node ref="U2" pin="2"/>
      <node ref="U6" pin="11"/>
    </net>
    <net code="23" name="PC0">
      <node ref="U6" pin="23"/>
      <node ref="U1" pin="3"/>
    </net>
    <net code="24" name="PC1">
      <node ref="U6" pin="24"/>
      <node ref="U1" pin="2"/>
    </net>
    <net code="25" name="PD3">
      <node ref="U0" pin="2"/>
      <node ref="U6" pin="5"/>
    </net>
    <net code="26" name="PD7">
      <node ref="U6" pin="13"/>
      <node ref="U4" pin="2"/>
    </net>
    <net code="27" name="PD6">
      <node ref="U6" pin="12"/>
      <node ref="U4" pin="3"/>
    </net>
  </nets>
</export>
