"Id";"Designator";"Package";"Quantity";"Designation";"Supplier and ref";
1;"JP1";"SolderJumper-2_P1.3mm_Open_RoundedPad1.0x1.5mm";1;"I2C_Address";;;
2;"Mount 3,Mount 4,Mount 2,Mount 1";"MountingHole_3.2mm_M3";4;" ";;;
3;"C6,C9,C8,C7,C4,C3,C1";"C_Disc_D5.0mm_W2.5mm_P5.00mm";7;"100n";;;
4;"U5";"TO-92_HandSolder";1;"LP2950-3.3";;;
5;"U6";"DIP-28_W7.62mm";1;"ATmega328-PU";;;
6;"U4,U3,U2,U1,U0";"XCVR_HC-SR04";5;"HC-SR04";;;
7;"R3,R2";"R_Axial_DIN0207_L6.3mm_D2.5mm_P7.62mm_Horizontal";2;"2k2";;;
8;"R1";"R_Axial_DIN0207_L6.3mm_D2.5mm_P7.62mm_Horizontal";1;"330";;;
9;"J1";"PinHeader_1x06_P2.54mm_Horizontal";1;"Conn_01x06_Male";;;
10;"D1";"LED_D3.0mm";1;"LED";;;
11;"C5,C2";"CP_Radial_D10.0mm_P5.00mm";2;"470u";;;
